,Equal Weight,Min Variance,Max Sharpe
Annual Return,0.138259222605886,0.0740488552216003,0.23024248548354204
Annual Volatility,0.2033085053358822,0.17528127869284194,0.28669163929263675
Sharpe Ratio,0.4833010918237471,0.19425266335069688,0.6635787703922349
95% Daily VaR (£),20517.374318920756,17868.107153843954,28792.19143500165
95% Daily CVaR (£),25868.993793033012,22481.975633916612,36338.676307185975
