,mean,median,var_95,prob_loss,worst_case
Base Case,1258992.98411325,1258908.543575998,-246971.2586559169,0.0,1241472.7812489218
Mild Stress,1197072.7363006955,1197161.3736362827,-182999.82181594172,0.0,1176812.638162801
Moderate Stress,1109864.9827908447,1109842.2764344215,-94484.97881918866,0.0,1088694.491996993
Severe Stress,978515.209359609,978358.8066760276,39849.991280535934,0.9718,952731.4297549346
Crisis,760869.1327341276,760694.2435536522,260211.42909977038,1.0,731634.0904366624
